<?xml version="1.0" encoding="UTF-8"?>
<addon
  id="pvr.freeviewnzandroid"
  version="1.6"
  name="Freeview NZ PVR Andorid"
  provider-name="">
  <requires>
<import addon="kodi.binary.global.main" version="1.0.13"/>
<import addon="kodi.binary.instance.pvr" version="5.10.3"/></requires>
  <extension
    point="xbmc.pvrclient"
    library_android="libpvr.iptvsimple.so"/>
  <extension point="xbmc.addon.metadata">
    
    <summary lang="en_AU">Freeview NZ PVR Android</summary>
    <summary lang="en_GB">Freeview NZ Android</summary>
    <summary lang="en_NZ">Freeview NZ Android</summary>
    <summary lang="en_US">Freeview NZAndroid</summary>
    <platform>android-aarch64</platform>
  </extension>
</addon>
