<?xml version="1.0" encoding="UTF-8"?>
<fonts>
    <fontset id="Default" idloc="31390">
        <!-- Normal Fonts -->
        <font>
            <name>font10</name>
            <filename>Roboto-Regular.ttf</filename>
            <size>21</size>
        </font>
        <font>
            <name>font12</name>
            <filename>Roboto-Regular.ttf</filename>
            <size>26</size>
        </font>
        <font>
            <name>font13</name>
            <filename>Roboto-Regular.ttf</filename>
            <size>30</size>
        </font>
        <font>
            <name>font14</name>
            <filename>Roboto-Regular.ttf</filename>
            <size>33</size>
        </font>
        <font>
            <name>font16</name>
            <filename>Roboto-Regular.ttf</filename>
            <size>38</size>
        </font>
        <font>
            <name>font30</name>
            <filename>Roboto-Regular.ttf</filename>
            <size>45</size>
        </font>
        <font>
            <name>fontContextMenu</name>
            <filename>Roboto-Regular.ttf</filename>
            <size>27</size>
        </font>
        <!-- Title Fonts -->
        <font>
            <name>font10_title</name>
            <filename>Roboto-Bold.ttf</filename>
            <size>18</size>
        </font>
        <font>
            <name>font12_title</name>
            <filename>Roboto-Bold.ttf</filename>
            <size>26</size>
        </font>
        <font>
            <name>font13_title</name>
            <filename>Roboto-Bold.ttf</filename>
            <size>30</size>
        </font>
        <font>
            <name>font24_title</name>
            <filename>Roboto-Bold.ttf</filename>
            <size>36</size>
        </font>
        <font>
            <name>font28_title</name>
            <filename>Roboto-Bold.ttf</filename>
            <size>42</size>
        </font>
        <font>
            <name>font30_title</name>
            <filename>Roboto-Bold.ttf</filename>
            <size>45</size>
        </font>
        <font>
            <name>font35_title</name>
            <filename>Roboto-Bold.ttf</filename>
            <size>52</size>
        </font>
        <font>
            <name>font_MainMenu</name>
            <filename>Roboto-Bold.ttf</filename>
            <size>60</size>
        </font>
        <font>
            <name>WeatherTemp</name>
            <filename>Roboto-Bold.ttf</filename>
            <size>120</size>
        </font>
    </fontset>
    <fontset id="Massive" idloc="15110">
        <!-- Normal Fonts -->
        <font>
            <name>font10</name>
            <filename>Roboto-Regular.ttf</filename>
            <size>21</size>
        </font>
        <font>
            <name>font12</name>
            <filename>Roboto-Regular.ttf</filename>
            <size>34</size>
        </font>
        <font>
            <name>font13</name>
            <filename>Roboto-Regular.ttf</filename>
            <size>38</size>
        </font>
        <font>
            <name>font14</name>
            <filename>Roboto-Regular.ttf</filename>
            <size>38</size>
        </font>
        <font>
            <name>font16</name>
            <filename>Roboto-Regular.ttf</filename>
            <size>38</size>
        </font>
        <font>
            <name>font30</name>
            <filename>Roboto-Regular.ttf</filename>
            <size>45</size>
        </font>
        <font>
            <name>fontContextMenu</name>
            <filename>Roboto-Regular.ttf</filename>
            <size>38</size>
        </font>
        <!-- Title Fonts -->
        <font>
            <name>font10_title</name>
            <filename>Roboto-Bold.ttf</filename>
            <size>18</size>
        </font>
        <font>
            <name>font12_title</name>
            <filename>Roboto-Bold.ttf</filename>
            <size>26</size>
        </font>
        <font>
            <name>font13_title</name>
            <filename>Roboto-Bold.ttf</filename>
            <size>30</size>
        </font>
        <font>
            <name>font24_title</name>
            <filename>Roboto-Bold.ttf</filename>
            <size>36</size>
        </font>
        <font>
            <name>font28_title</name>
            <filename>Roboto-Bold.ttf</filename>
            <size>42</size>
        </font>
        <font>
            <name>font30_title</name>
            <filename>Roboto-Bold.ttf</filename>
            <size>45</size>
        </font>
        <font>
            <name>font35_title</name>
            <filename>Roboto-Bold.ttf</filename>
            <size>52</size>
        </font>
        <font>
            <name>font_MainMenu</name>
            <filename>Roboto-Bold.ttf</filename>
            <size>60</size>
        </font>
        <font>
            <name>WeatherTemp</name>
            <filename>Roboto-Bold.ttf</filename>
            <size>120</size>
        </font>
    </fontset>
    <fontset id="DefaultNoCaps" idloc="31391">
        <!-- Normal Fonts -->
        <font>
            <name>font10</name>
            <filename>Roboto-Regular.ttf</filename>
            <size>21</size>
        </font>
        <font>
            <name>font12</name>
            <filename>Roboto-Regular.ttf</filename>
            <size>26</size>
        </font>
        <font>
            <name>font13</name>
            <filename>Roboto-Regular.ttf</filename>
            <size>30</size>
        </font>
        <font>
            <name>font14</name>
            <filename>Roboto-Regular.ttf</filename>
            <size>33</size>
        </font>
        <font>
            <name>font16</name>
            <filename>Roboto-Regular.ttf</filename>
            <size>38</size>
        </font>
        <font>
            <name>font30</name>
            <filename>Roboto-Regular.ttf</filename>
            <size>45</size>
        </font>
        <font>
            <name>fontContextMenu</name>
            <filename>Roboto-Regular.ttf</filename>
            <size>27</size>
        </font>
        <!-- Title Fonts -->
        <font>
            <name>font10_title</name>
            <filename>Roboto-Bold.ttf</filename>
            <size>18</size>
        </font>
        <font>
            <name>font12_title</name>
            <filename>Roboto-Bold.ttf</filename>
            <size>26</size>
        </font>
        <font>
            <name>font13_title</name>
            <filename>Roboto-Bold.ttf</filename>
            <size>30</size>
        </font>
        <font>
            <name>font24_title</name>
            <filename>Roboto-Bold.ttf</filename>
            <size>36</size>
        </font>
        <font>
            <name>font28_title</name>
            <filename>Roboto-Bold.ttf</filename>
            <size>42</size>
        </font>
        <font>
            <name>font30_title</name>
            <filename>Roboto-Bold.ttf</filename>
            <size>45</size>
        </font>
        <font>
            <name>font35_title</name>
            <filename>Roboto-Bold.ttf</filename>
            <size>52</size>
        </font>
        <font>
            <name>font_MainMenu</name>
            <filename>Roboto-Bold.ttf</filename>
            <size>60</size>
        </font>
        <font>
            <name>WeatherTemp</name>
            <filename>Roboto-Bold.ttf</filename>
            <size>120</size>
        </font>
    </fontset>
    <fontset id="Arial" idloc="31392">
        <!-- Arial Font better for non English -->
        <font>
            <name>font10</name>
            <filename>arial.ttf</filename>
            <size>18</size>
        </font>
        <font>
            <name>font12</name>
            <filename>arial.ttf</filename>
            <size>22</size>
        </font>
        <font>
            <name>font13</name>
            <filename>arial.ttf</filename>
            <size>27</size>
        </font>
        <font>
            <name>font14</name>
            <filename>arial.ttf</filename>
            <size>30</size>
        </font>
        <font>
            <name>font16</name>
            <filename>arial.ttf</filename>
            <size>34</size>
        </font>
        <font>
            <name>font30</name>
            <filename>arial.ttf</filename>
            <size>42</size>
        </font>
        <font>
            <name>fontContextMenu</name>
            <filename>arial.ttf</filename>
            <size>24</size>
        </font>
        <!-- Title Fonts -->
        <font>
            <name>font10_title</name>
            <filename>arial.ttf</filename>
            <size>15</size>
            <style>bold</style>
        </font>
        <font>
            <name>font12_title</name>
            <filename>arial.ttf</filename>
            <size>22</size>
            <style>bold</style>
        </font>
        <font>
            <name>font13_title</name>
            <filename>arial.ttf</filename>
            <size>27</size>
            <style>bold</style>
        </font>
        <font>
            <name>font24_title</name>
            <filename>arial.ttf</filename>
            <size>33</size>
            <style>bold</style>
        </font>
        <font>
            <name>font28_title</name>
            <filename>arial.ttf</filename>
            <size>39</size>
            <style>bold</style>
        </font>
        <font>
            <name>font30_title</name>
            <filename>arial.ttf</filename>
            <size>42</size>
            <style>bold</style>
        </font>
        <font>
            <name>font35_title</name>
            <filename>arial.ttf</filename>
            <size>50</size>
            <style>bold</style>
        </font>
        <font>
            <name>font_MainMenu</name>
            <filename>arial.ttf</filename>
            <size>52</size>
            <style>bold</style>
        </font>
        <font>
            <name>WeatherTemp</name>
            <filename>arial.ttf</filename>
            <size>120</size>
            <style>bold</style>
        </font>
    </fontset>
    <fontset id="LargeFont" idloc="31393" unicode="true">
        <!-- Normal Fonts -->
        <font>
            <name>font10</name>
            <filename>Massive.ttf</filename>
            <size>18</size>
        </font>
        <font>
            <name>font12</name>
            <filename>Massive.ttf</filename>
            <size>26</size>
        </font>
        <font>
            <name>font13</name>
            <filename>Massive.ttf</filename>
            <size>30</size>
        </font>
        <font>
            <name>font14</name>
            <filename>Massive.ttf</filename>
            <size>33</size>
        </font>
        <font>
            <name>font16</name>
            <filename>Massive.ttf</filename>
            <size>38</size>
        </font>
        <font>
            <name>font30</name>
            <filename>Massive.ttf</filename>
            <size>45</size>
        </font>
        <font>
            <name>fontContextMenu</name>
            <filename>Massive.ttf</filename>
            <size>27</size>
        </font>
        <!-- Title Fonts -->
        <font>
            <name>font10_title</name>
            <filename>Massive.ttf</filename>
            <size>21</size>
        </font>
        <font>
            <name>font12_title</name>
            <filename>Massive.ttf</filename>
            <size>27</size>
        </font>
        <font>
            <name>font13_title</name>
            <filename>Massive.ttf</filename>
            <size>33</size>
        </font>
        <font>
            <name>font24_title</name>
            <filename>Massive.ttf</filename>
            <size>42</size>
        </font>
        <font>
            <name>font28_title</name>
            <filename>Massive.ttf</filename>
            <size>48</size>
        </font>
        <font>
            <name>font30_title</name>
            <filename>Massive.ttf</filename>
            <size>51</size>
        </font>
        <font>
            <name>font35_title</name>
            <filename>Massive.ttf</filename>
            <size>57</size>
        </font>
        <font>
            <name>font_MainMenu</name>
            <filename>Massive.ttf</filename>
            <size>66</size>
        </font>
        <font>
            <name>WeatherTemp</name>
            <filename>Massive.ttf</filename>
            <size>129</size>
        </font>
    </fontset>
    <fontset id="Ubuntu Normal" idloc="31270">
        <!-- Normal Fonts -->
        <font>
            <name>font10</name>
            <filename>Ubuntu-M.ttf</filename>
            <size>18</size>
        </font>
        <font>
            <name>font12</name>
            <filename>Ubuntu-M.ttf</filename>
            <size>26</size>
        </font>
        <font>
            <name>font13</name>
            <filename>Ubuntu-M.ttf</filename>
            <size>30</size>
        </font>
        <font>
            <name>font14</name>
            <filename>Ubuntu-M.ttf</filename>
            <size>33</size>
        </font>
        <font>
            <name>font16</name>
            <filename>Ubuntu-M.ttf</filename>
            <size>38</size>
        </font>
        <font>
            <name>font30</name>
            <filename>Ubuntu-M.ttf</filename>
            <size>45</size>
        </font>
        <font>
            <name>fontContextMenu</name>
            <filename>Ubuntu-M.ttf</filename>
            <size>27</size>
        </font>
        <!-- Title Fonts -->
        <font>
            <name>font10_title</name>
            <filename>Ubuntu-M.ttf</filename>
            <size>21</size>
        </font>
        <font>
            <name>font12_title</name>
            <filename>Ubuntu-M.ttf</filename>
            <size>27</size>
        </font>
        <font>
            <name>font13_title</name>
            <filename>Ubuntu-M.ttf</filename>
            <size>33</size>
        </font>
        <font>
            <name>font24_title</name>
            <filename>Ubuntu-M.ttf</filename>
            <size>42</size>
        </font>
        <font>
            <name>font28_title</name>
            <filename>Ubuntu-M.ttf</filename>
            <size>48</size>
        </font>
        <font>
            <name>font30_title</name>
            <filename>Ubuntu-M.ttf</filename>
            <size>51</size>
        </font>
        <font>
            <name>font35_title</name>
            <filename>Ubuntu-M.ttf</filename>
            <size>57</size>
        </font>
        <font>
            <name>font_MainMenu</name>
            <filename>Ubuntu-M.ttf</filename>
            <size>66</size>
        </font>
        <font>
            <name>WeatherTemp</name>
            <filename>Ubuntu-M.ttf</filename>
            <size>129</size>
        </font>
    </fontset>
    <fontset id="Ubuntu Bold" idloc="31271">
        <!-- Normal Fonts -->
        <font>
            <name>font10</name>
            <filename>Ubuntu-B.ttf</filename>
            <size>18</size>
        </font>
        <font>
            <name>font12</name>
            <filename>Ubuntu-B.ttf</filename>
            <size>26</size>
        </font>
        <font>
            <name>font13</name>
            <filename>Ubuntu-B.ttf</filename>
            <size>30</size>
        </font>
        <font>
            <name>font14</name>
            <filename>Ubuntu-B.ttf</filename>
            <size>33</size>
        </font>
        <font>
            <name>font16</name>
            <filename>Ubuntu-B.ttf</filename>
            <size>38</size>
        </font>
        <font>
            <name>font30</name>
            <filename>Ubuntu-B.ttf</filename>
            <size>45</size>
        </font>
        <font>
            <name>fontContextMenu</name>
            <filename>Ubuntu-B.ttf</filename>
            <size>27</size>
        </font>
        <!-- Title Fonts -->
        <font>
            <name>font10_title</name>
            <filename>Ubuntu-B.ttf</filename>
            <size>21</size>
        </font>
        <font>
            <name>font12_title</name>
            <filename>Ubuntu-B.ttf</filename>
            <size>27</size>
        </font>
        <font>
            <name>font13_title</name>
            <filename>Ubuntu-B.ttf</filename>
            <size>33</size>
        </font>
        <font>
            <name>font24_title</name>
            <filename>Ubuntu-B.ttf</filename>
            <size>42</size>
        </font>
        <font>
            <name>font28_title</name>
            <filename>Ubuntu-B.ttf</filename>
            <size>48</size>
        </font>
        <font>
            <name>font30_title</name>
            <filename>Ubuntu-B.ttf</filename>
            <size>51</size>
        </font>
        <font>
            <name>font35_title</name>
            <filename>Ubuntu-B.ttf</filename>
            <size>57</size>
        </font>
        <font>
            <name>font_MainMenu</name>
            <filename>Ubuntu-B.ttf</filename>
            <size>66</size>
        </font>
        <font>
            <name>WeatherTemp</name>
            <filename>Ubuntu-B.ttf</filename>
            <size>129</size>
        </font>
    </fontset>
</fonts>
