<?xml version="1.0" encoding="UTF-8" standalone="yes"?>
<addon id="repository.bang" name="Bang" version="2.5" provider-name="Bang">
	<extension point="xbmc.addon.repository" name="Bang">
		<dir>
			<info compressed="false">https://raw.githubusercontent.com/totalrevolution/python-koding/master/zips/addons.xml</info>
			<checksum>https://raw.githubusercontent.com/totalrevolution/python-koding/master/zips/addons.xml.md5</checksum>
			<datadir zip="true">https://raw.githubusercontent.com/totalrevolution/python-koding/master/zips/</datadir>
		</dir>
		<info compressed="false">https://raw.githubusercontent.com/hidemyassbaby/repository.bang/master/zips/addons.xml</info>
		<checksum>https://raw.githubusercontent.com/hidemyassbaby/repository.bang/master/zips/addons.xml.md5</checksum>
		<datadir zip="true">https://raw.githubusercontent.com/hidemyassbaby/repository.bang/master/zips/</datadir>
	</extension>
	<extension point="xbmc.addon.metadata">
		<summary lang="en">Bang</summary>
		<description lang="en">Bang Bang Ban</description>
		<genre></genre>
	</extension>
</addon>