<?xml version="1.0" encoding="UTF-8" standalone="yes"?>
<addon id="plugin.video.kodiyoutubers" name="[COLOR white]Kodi Youtubers[/COLOR]"	version="2.0"	provider-name=""> 
  <requires>
    <import addon="xbmc.python" version="2.1.0"/>
    <import addon="script.module.addon.common" version="2.0.0"/>
    <import addon="plugin.video.youtube" version="5.0.0"/>
  </requires>
  <extension point="xbmc.python.pluginsource" library="ngb.py">
    <provides>video</provides>
  </extension>
  <extension point="xbmc.addon.metadata">
    <summary lang="en">Kodi Youtuber's</summary>
    <description lang="en">Here you will find all your Kodi youtubers</description>
    <disclaimer lang="en"></disclaimer>
    <platform>all</platform>
    <forum>n/a</forum>
    <website>n/a</website>
  </extension>
</addon>