<?xml version="1.0" encoding="UTF-8" standalone="yes"?>
<addon id="plugin.video.nbcnews" name="NBC News" version="1.1" provider-name="">
    <requires>
        <import addon="xbmc.python" version="2.25.0"/>
        <import addon="script.module.routing" version="0.2.0"/>
        <import addon="script.module.requests" version="2.12.4"/>
        <import addon="plugin.video.youtube"/>
    </requires>
    <extension point="xbmc.python.pluginsource" library="news.py">
        <provides>video</provides>
    </extension>
    <extension point="xbmc.addon.metadata">
        <summary lang="en_GB">NBC News</summary>
        <description lang="en_GB">The official NBC News YouTube Channel is a leading source of global news and information. Here you will find clips from NBC Nightly News, Meet The Press, and our original series Debunker, Flashback, Nerdwatch, and Show Me. Subscribe to our channel for news stories, technology, politics, health, entertainment, science, business, and exclusive NBC investigations. </description>
        <language>en pt</language>
        <platform>all</platform>
        <license>GPL-3.0</license>
        <news></news>
        <disclaimer>The author of this add-on is in no way affiliated with NBC News</disclaimer>
        <assets>
        <icon>resources/images/icon.png</icon>
        <fanart>resources/images/fanart.jpg</fanart>
        </assets>
    </extension>
</addon>
