<?xml version="1.0" encoding="UTF-8" standalone="yes"?>
<addon id="plugin.program.bangwizard" name="Bang Wizard" version="4.6" provider-name="">
  <requires>
	<import addon="xbmc.python" version="3.0.0" />
    <import addon="script.module.requests" />
	<import addon="script.module.six" />
	<import addon="script.kodi.android.update" optional="true" version="1.1.7" />
	<import addon="script.speedtester" optional="true" version="1.1.2" />
	<import addon="plugin.program.bangmessage" />
    </requires>
    
  </requires>
  <extension point="xbmc.python.pluginsource" library="default.py">
  
        <provides>executable</provides>
  </extension>
  <extension point="xbmc.service" library="startup.py" start="startup" />
  <extension point="xbmc.addon.metadata">
    <summary lang="en">Bang Wizard</summary>
    <description lang="en">Bang Wizard allows you to get access to the latest Goodies</description>
    <platform>all</platform>
  </extension>
</addon>