<?xml version="1.0" encoding="UTF-8" standalone="yes"?>
<addon id="plugin.program.bangwizard" name="Bang Wizard" version="2.0" provider-name="">
  <requires>
    <import addon="xbmc.python" version="2.1.0"/>
  </requires>
  <extension point="xbmc.python.pluginsource" library="default.py">
        <provides>executable</provides>
  </extension>
  <extension point="xbmc.service" library="startup.py" start="startup" />
  <extension point="xbmc.addon.metadata">
    <summary lang="en">Bang Wizard</summary>
    <description lang="en">Bang Wizard allows you to get access to the latest Goodies</description>
    <platform>all</platform>
  </extension>
</addon>