<?xml version="1.0" encoding="UTF-8" standalone="yes"?>
<addon id="repository.bang" name="Bang" version="7.5" provider-name="Bang">
	<extension point="xbmc.addon.repository" name="Bang">
		<dir>
			<info compressed="false">https://raw.githubusercontent.com/hidemyassbaby/repository.bang/master/zips/addons.xml</info>
			<checksum>https://raw.githubusercontent.com/hidemyassbaby/repository.bang/master/zips/addons.xml.md5</checksum>
			<datadir zip="true">https://raw.githubusercontent.com/hidemyassbaby/repository.bang/master/zips/</datadir>
		</dir>
		<dir>
			<info compressed="false">https://raw.githubusercontent.com/jsergio123/zips/master/addons.xml</info>
			<checksum>https://raw.githubusercontent.com/jsergio123/zips/master/addons.xml.md5</checksum>
			<datadir zip="true">https://raw.githubusercontent.com/jsergio123/zips/master/</datadir>
		</dir>
      	<dir>
            <info compressed="false">https://raw.githubusercontent.com/teamuniversal/scrapers/master/_modules4all/zips/addons.xml</info>
            <checksum>https://raw.githubusercontent.com/teamuniversal/scrapers/master/_modules4all/zips/addons.xml.md5</checksum>
            <datadir zip="true">https://raw.githubusercontent.com/teamuniversal/scrapers/master/_modules4all/zips/</datadir>
        </dir>
		<dir>
			<info compressed="false">https://raw.githubusercontent.com/totalrevolution/python-koding/master/zips/addons.xml</info>
            <checksum>https://raw.githubusercontent.com/totalrevolution/python-koding/master/zips/addons.xml.md5</checksum>
            <datadir zip="true">https://raw.githubusercontent.com/totalrevolution/python-koding/master/zips/</datadir>
		</dir>
	</extension>
	<extension point="xbmc.addon.metadata">
		<summary lang="en"></summary>
		<description lang="en">Bang Bang Bang Bang</description>
		<genre></genre>
	</extension>
</addon>