<?xml version="1.0" encoding="UTF-8" standalone="yes"?>
<addon id="program.byebyeprograms" version="1.6" name="Bye Bye" provider-name="">
    <requires>
        <import addon="xbmc.python" version="2.19.0"/>
    </requires>
    <extension point="xbmc.python.pluginsource" library="default.py">
        <provides>executable</provides>
    </extension>
    <extension point="xbmc.service" library="service.py" start="[login|startup]" />
    <extension point="xbmc.addon.metadata">
        <summary>Force deletes Old Addons on Kodi startup</summary>
        <description>Delete's Old Addons every Kodi startup</description>
        <disclaimer lang="en">The author is not responsible for your addon. The authoer is also not responsible for breaking your stuff. You have been warned.</disclaimer>
        <license></license>
        <platform>all</platform>
        <reuselanguageinvoker>false</reuselanguageinvoker>
    </extension>
</addon>
