﻿<?xml version="1.0" encoding="UTF-8" standalone="yes"?>
<addon id="resource.images.skinbackgrounds.xonfluencenzbuildandroid" name="Skin Backgrounds NZ Build Android" version="3.0" provider-name="">
	<extension point="kodi.resource.images" compile="false" type="skinbackgrounds" />
	<requires>
		<import addon="kodi.resource" version="1.0.0"/>
	</requires>
	<extension point="xbmc.addon.metadata">
		<summary lang="en">Skin Backgrounds Pack NZ Build Android</summary>
		<description lang="en">Skin Backgrounds Pack NZ Build Android</description>
		<platform>all</platform>
	</extension>
</addon>
